"","d.est","lower","upper","V4"
"1",0.57325224053842,0.288696573546996,0.857807907529845,"Study 1"
"2",0.993489880145191,0.697900606766191,1.28907915352419,"Study 2"
"3",1.02417311419079,0.727567483014287,1.3207787453673,"Study 3"
"4",0.753030116203296,0.727567483014287,1.3207787453673,"Study 4"
"5",0.716093383645783,0.727567483014287,1.3207787453673,"Study 5"
"6",0.812007746944697,0.63385992587121,1.22184465943119,"Overal"
